NAME,GS<br> follow link to MSigDB,GS DETAILS,SIZE,ES,NES,NOM p-val,FDR q-val,FWER p-val,RANK AT MAX,LEADING EDGE,group
KEGG_RIBOSOME,KEGG_RIBOSOME,Details ...,62,-0.8575582,-3.1167119,0,0,0,1148,"tags=85%, list=8%, signal=93%",B6_RNAseq
KEGG_OXIDATIVE_PHOSPHORYLATION,KEGG_OXIDATIVE_PHOSPHORYLATION,Details ...,112,-0.7188158,-2.8968074,0,0,0,2328,"tags=67%, list=17%, signal=80%",B6_RNAseq
KEGG_PARKINSONS_DISEASE,KEGG_PARKINSONS_DISEASE,Details ...,102,-0.72591,-2.877257,0,0,0,2328,"tags=71%, list=17%, signal=85%",B6_RNAseq
KEGG_HUNTINGTONS_DISEASE,KEGG_HUNTINGTONS_DISEASE,Details ...,149,-0.6242962,-2.6220245,0,0,0,2328,"tags=58%, list=17%, signal=69%",B6_RNAseq
KEGG_PROTEASOME,KEGG_PROTEASOME,Details ...,42,-0.7620232,-2.6040022,0,0,0,2430,"tags=86%, list=18%, signal=104%",B6_RNAseq
KEGG_ALZHEIMERS_DISEASE,KEGG_ALZHEIMERS_DISEASE,Details ...,141,-0.6010586,-2.500711,0,0,0,1952,"tags=50%, list=14%, signal=58%",B6_RNAseq
KEGG_CARDIAC_MUSCLE_CONTRACTION,KEGG_CARDIAC_MUSCLE_CONTRACTION,Details ...,58,-0.6335672,-2.3195856,0,0,0,1769,"tags=43%, list=13%, signal=49%",B6_RNAseq
KEGG_CITRATE_CYCLE_TCA_CYCLE,KEGG_CITRATE_CYCLE_TCA_CYCLE,Details ...,28,-0.7009785,-2.1511042,0,0,0,2805,"tags=61%, list=21%, signal=76%",B6_RNAseq
KEGG_GLYCOLYSIS_GLUCONEOGENESIS,KEGG_GLYCOLYSIS_GLUCONEOGENESIS,Details ...,45,-0.61359763,-2.0857983,0,0,0,2773,"tags=47%, list=21%, signal=59%",B6_RNAseq
KEGG_PROPANOATE_METABOLISM,KEGG_PROPANOATE_METABOLISM,Details ...,27,-0.6360673,-1.9710877,0,0.00105326,0.008,2805,"tags=48%, list=21%, signal=61%",B6_RNAseq
KEGG_PATHOGENIC_ESCHERICHIA_COLI_INFECTION,KEGG_PATHOGENIC_ESCHERICHIA_COLI_INFECTION,Details ...,48,-0.53793216,-1.8488551,0.001949318,0.006288666,0.05,1567,"tags=40%, list=12%, signal=45%",B6_RNAseq
KEGG_PENTOSE_PHOSPHATE_PATHWAY,KEGG_PENTOSE_PHOSPHATE_PATHWAY,Details ...,20,-0.63729197,-1.8246108,0.004040404,0.007622288,0.066,3354,"tags=75%, list=25%, signal=100%",B6_RNAseq
KEGG_AMINO_SUGAR_AND_NUCLEOTIDE_SUGAR_METABOLISM,KEGG_AMINO_SUGAR_AND_NUCLEOTIDE_SUGAR_METABOLISM,Details ...,41,-0.5334442,-1.8135853,0.00203666,0.008308075,0.078,2262,"tags=41%, list=17%, signal=50%",B6_RNAseq
KEGG_PYRUVATE_METABOLISM,KEGG_PYRUVATE_METABOLISM,Details ...,34,-0.5575202,-1.8099444,0.002066116,0.008093813,0.082,2795,"tags=38%, list=21%, signal=48%",B6_RNAseq
KEGG_DNA_REPLICATION,KEGG_DNA_REPLICATION,Details ...,34,-0.5421849,-1.7887986,0.008,0.009783435,0.103,3055,"tags=47%, list=23%, signal=61%",B6_RNAseq
KEGG_TRYPTOPHAN_METABOLISM,KEGG_TRYPTOPHAN_METABOLISM,Details ...,28,-0.5826286,-1.7760997,0.00203666,0.010830128,0.122,2795,"tags=46%, list=21%, signal=58%",B6_RNAseq
KEGG_VIBRIO_CHOLERAE_INFECTION,KEGG_VIBRIO_CHOLERAE_INFECTION,Details ...,50,-0.5036898,-1.7549316,0,0.012366745,0.147,2028,"tags=36%, list=15%, signal=42%",B6_RNAseq
KEGG_BUTANOATE_METABOLISM,KEGG_BUTANOATE_METABOLISM,Details ...,25,-0.5741253,-1.7301192,0.002123142,0.015146037,0.185,3887,"tags=64%, list=29%, signal=90%",B6_RNAseq
KEGG_PYRIMIDINE_METABOLISM,KEGG_PYRIMIDINE_METABOLISM,Details ...,82,-0.44116485,-1.6911957,0.001972387,0.0227336,0.271,2256,"tags=37%, list=17%, signal=44%",B6_RNAseq
KEGG_PROXIMAL_TUBULE_BICARBONATE_RECLAMATION,KEGG_PROXIMAL_TUBULE_BICARBONATE_RECLAMATION,Details ...,15,-0.63820803,-1.6867903,0.005836576,0.022411777,0.28,1986,"tags=47%, list=15%, signal=55%",B6_RNAseq
KEGG_VALINE_LEUCINE_AND_ISOLEUCINE_DEGRADATION,KEGG_VALINE_LEUCINE_AND_ISOLEUCINE_DEGRADATION,Details ...,40,-0.507928,-1.674896,0,0.023926698,0.307,2921,"tags=52%, list=22%, signal=67%",B6_RNAseq
KEGG_GLYCOSAMINOGLYCAN_DEGRADATION,KEGG_GLYCOSAMINOGLYCAN_DEGRADATION,Details ...,18,-0.61061686,-1.6692625,0.007677543,0.02396269,0.322,3107,"tags=44%, list=23%, signal=58%",B6_RNAseq
KEGG_OOCYTE_MEIOSIS,KEGG_OOCYTE_MEIOSIS,Details ...,95,-0.42183667,-1.6560352,0,0.026688587,0.363,1765,"tags=28%, list=13%, signal=32%",B6_RNAseq
KEGG_RNA_POLYMERASE,KEGG_RNA_POLYMERASE,Details ...,25,-0.5483548,-1.6453398,0.007827789,0.029242376,0.408,2183,"tags=56%, list=16%, signal=67%",B6_RNAseq
KEGG_LYSOSOME,KEGG_LYSOSOME,Details ...,112,-0.40618888,-1.6431088,0.002109705,0.028778786,0.416,2974,"tags=43%, list=22%, signal=54%",B6_RNAseq
KEGG_GLYCOSPHINGOLIPID_BIOSYNTHESIS_GANGLIO_SERIES,KEGG_GLYCOSPHINGOLIPID_BIOSYNTHESIS_GANGLIO_SERIES,Details ...,15,-0.60369134,-1.6384735,0.018867925,0.028511444,0.422,2327,"tags=53%, list=17%, signal=64%",B6_RNAseq
KEGG_OLFACTORY_TRANSDUCTION,KEGG_OLFACTORY_TRANSDUCTION,Details ...,25,-0.5294557,-1.6190163,0.010615711,0.032997645,0.468,1745,"tags=24%, list=13%, signal=28%",B6_RNAseq
KEGG_SNARE_INTERACTIONS_IN_VESICULAR_TRANSPORT,KEGG_SNARE_INTERACTIONS_IN_VESICULAR_TRANSPORT,Details ...,32,-0.50066406,-1.618832,0.009803922,0.031865504,0.468,1996,"tags=44%, list=15%, signal=51%",B6_RNAseq
KEGG_FATTY_ACID_METABOLISM,KEGG_FATTY_ACID_METABOLISM,Details ...,37,-0.49096087,-1.6078149,0.00996016,0.033419315,0.496,2795,"tags=49%, list=21%, signal=61%",B6_RNAseq
KEGG_ARGININE_AND_PROLINE_METABOLISM,KEGG_ARGININE_AND_PROLINE_METABOLISM,Details ...,42,-0.46092367,-1.5567355,0.014285714,0.052935865,0.68,2732,"tags=38%, list=20%, signal=48%",B6_RNAseq
KEGG_ANTIGEN_PROCESSING_AND_PRESENTATION,KEGG_ANTIGEN_PROCESSING_AND_PRESENTATION,Details ...,50,-0.43818882,-1.5227872,0.013833992,0.06902189,0.795,2625,"tags=44%, list=19%, signal=54%",B6_RNAseq
KEGG_PROTEIN_EXPORT,KEGG_PROTEIN_EXPORT,Details ...,22,-0.52484584,-1.5223125,0.044989776,0.06733598,0.799,3551,"tags=55%, list=26%, signal=74%",B6_RNAseq
KEGG_CELL_CYCLE,KEGG_CELL_CYCLE,Details ...,117,-0.37121922,-1.5023617,0.004048583,0.074920446,0.84,3278,"tags=40%, list=24%, signal=53%",B6_RNAseq
KEGG_TIGHT_JUNCTION,KEGG_TIGHT_JUNCTION,Details ...,94,-0.37811825,-1.4852486,0.013618677,0.08414563,0.884,2199,"tags=24%, list=16%, signal=29%",B6_RNAseq
KEGG_OTHER_GLYCAN_DEGRADATION,KEGG_OTHER_GLYCAN_DEGRADATION,Details ...,15,-0.55081487,-1.4758104,0.05075188,0.08816284,0.906,3544,"tags=67%, list=26%, signal=90%",B6_RNAseq
KEGG_GALACTOSE_METABOLISM,KEGG_GALACTOSE_METABOLISM,Details ...,23,-0.4908025,-1.4273946,0.04742268,0.12325545,0.97,2937,"tags=57%, list=22%, signal=72%",B6_RNAseq
KEGG_PURINE_METABOLISM,KEGG_PURINE_METABOLISM,Details ...,126,-0.34337458,-1.4170914,0.015053763,0.12891966,0.98,2648,"tags=33%, list=20%, signal=41%",B6_RNAseq
KEGG_DRUG_METABOLISM_OTHER_ENZYMES,KEGG_DRUG_METABOLISM_OTHER_ENZYMES,Details ...,21,-0.49503833,-1.4157383,0.070993915,0.12675162,0.981,2092,"tags=48%, list=15%, signal=56%",B6_RNAseq
KEGG_N_GLYCAN_BIOSYNTHESIS,KEGG_N_GLYCAN_BIOSYNTHESIS,Details ...,44,-0.41351599,-1.4038928,0.03258656,0.1345186,0.989,2287,"tags=30%, list=17%, signal=35%",B6_RNAseq
KEGG_SPHINGOLIPID_METABOLISM,KEGG_SPHINGOLIPID_METABOLISM,Details ...,31,-0.43536428,-1.40172,0.073267326,0.13341404,0.989,3519,"tags=42%, list=26%, signal=57%",B6_RNAseq
KEGG_PEROXISOME,KEGG_PEROXISOME,Details ...,70,-0.370971,-1.3940616,0.037190083,0.13781305,0.991,3879,"tags=43%, list=29%, signal=60%",B6_RNAseq
KEGG_LEUKOCYTE_TRANSENDOTHELIAL_MIGRATION,KEGG_LEUKOCYTE_TRANSENDOTHELIAL_MIGRATION,Details ...,90,-0.34142584,-1.3347285,0.04048583,0.20024335,0.999,2777,"tags=26%, list=21%, signal=32%",B6_RNAseq
KEGG_TYPE_I_DIABETES_MELLITUS,KEGG_TYPE_I_DIABETES_MELLITUS,Details ...,32,-0.4030225,-1.2871714,0.12015504,0.26131088,1,5363,"tags=63%, list=40%, signal=103%",B6_RNAseq
KEGG_STEROID_BIOSYNTHESIS,KEGG_STEROID_BIOSYNTHESIS,Details ...,16,-0.46249196,-1.28708,0.14516129,0.25552154,1,1982,"tags=44%, list=15%, signal=51%",B6_RNAseq
KEGG_CELL_ADHESION_MOLECULES_CAMS,KEGG_CELL_ADHESION_MOLECULES_CAMS,Details ...,89,-0.32576537,-1.2662846,0.06958251,0.28349245,1,2777,"tags=25%, list=21%, signal=31%",B6_RNAseq
KEGG_GRAFT_VERSUS_HOST_DISEASE,KEGG_GRAFT_VERSUS_HOST_DISEASE,Details ...,28,-0.416832,-1.2652446,0.15138593,0.27884078,1,3799,"tags=43%, list=28%, signal=59%",B6_RNAseq
KEGG_GLUTATHIONE_METABOLISM,KEGG_GLUTATHIONE_METABOLISM,Details ...,40,-0.38069412,-1.2640543,0.13263159,0.27510038,1,4248,"tags=60%, list=31%, signal=87%",B6_RNAseq
KEGG_VIRAL_MYOCARDITIS,KEGG_VIRAL_MYOCARDITIS,Details ...,51,-0.35344222,-1.2477391,0.122047246,0.29779804,1,2564,"tags=25%, list=19%, signal=31%",B6_RNAseq
KEGG_AMYOTROPHIC_LATERAL_SCLEROSIS_ALS,KEGG_AMYOTROPHIC_LATERAL_SCLEROSIS_ALS,Details ...,43,-0.36367953,-1.230523,0.16666667,0.32208738,1,3764,"tags=44%, list=28%, signal=61%",B6_RNAseq
KEGG_MISMATCH_REPAIR,KEGG_MISMATCH_REPAIR,Details ...,21,-0.42666003,-1.2302799,0.17773438,0.31601462,1,2281,"tags=29%, list=17%, signal=34%",B6_RNAseq
KEGG_ALANINE_ASPARTATE_AND_GLUTAMATE_METABOLISM,KEGG_ALANINE_ASPARTATE_AND_GLUTAMATE_METABOLISM,,26,-0.41076633,-1.2227404,0.18016194,0.32242295,1,3314,"tags=42%, list=25%, signal=56%",B6_RNAseq
KEGG_STARCH_AND_SUCROSE_METABOLISM,KEGG_STARCH_AND_SUCROSE_METABOLISM,,24,-0.40851268,-1.2087946,0.18446602,0.34263417,1,2840,"tags=38%, list=21%, signal=47%",B6_RNAseq
KEGG_HISTIDINE_METABOLISM,KEGG_HISTIDINE_METABOLISM,,21,-0.41594833,-1.2032166,0.2164751,0.3475192,1,3841,"tags=43%, list=28%, signal=60%",B6_RNAseq
KEGG_NITROGEN_METABOLISM,KEGG_NITROGEN_METABOLISM,,17,-0.44124243,-1.1954266,0.22,0.35705844,1,1911,"tags=29%, list=14%, signal=34%",B6_RNAseq
KEGG_TGF_BETA_SIGNALING_PATHWAY,KEGG_TGF_BETA_SIGNALING_PATHWAY,,68,-0.31816038,-1.1922624,0.168357,0.35672206,1,1765,"tags=25%, list=13%, signal=29%",B6_RNAseq
KEGG_CYSTEINE_AND_METHIONINE_METABOLISM,KEGG_CYSTEINE_AND_METHIONINE_METABOLISM,,25,-0.38890588,-1.187844,0.21747968,0.35857794,1,2189,"tags=32%, list=16%, signal=38%",B6_RNAseq
KEGG_PPAR_SIGNALING_PATHWAY,KEGG_PPAR_SIGNALING_PATHWAY,,45,-0.34565258,-1.1836147,0.18711019,0.361082,1,1994,"tags=22%, list=15%, signal=26%",B6_RNAseq
KEGG_FRUCTOSE_AND_MANNOSE_METABOLISM,KEGG_FRUCTOSE_AND_MANNOSE_METABOLISM,,30,-0.36868206,-1.1657917,0.22792608,0.3903307,1,3927,"tags=53%, list=29%, signal=75%",B6_RNAseq
KEGG_ECM_RECEPTOR_INTERACTION,KEGG_ECM_RECEPTOR_INTERACTION,,63,-0.31829932,-1.1560318,0.20618556,0.40487415,1,3393,"tags=24%, list=25%, signal=32%",B6_RNAseq
KEGG_SYSTEMIC_LUPUS_ERYTHEMATOSUS,KEGG_SYSTEMIC_LUPUS_ERYTHEMATOSUS,,68,-0.3110634,-1.1522977,0.21355236,0.40608037,1,2670,"tags=26%, list=20%, signal=33%",B6_RNAseq
KEGG_REGULATION_OF_ACTIN_CYTOSKELETON,KEGG_REGULATION_OF_ACTIN_CYTOSKELETON,,177,-0.25820574,-1.1080815,0.20558882,0.49928987,1,2104,"tags=19%, list=16%, signal=22%",B6_RNAseq
KEGG_SPLICEOSOME,KEGG_SPLICEOSOME,,118,-0.2685971,-1.1070982,0.2109375,0.49344996,1,2597,"tags=36%, list=19%, signal=45%",B6_RNAseq
KEGG_NEUROTROPHIN_SIGNALING_PATHWAY,KEGG_NEUROTROPHIN_SIGNALING_PATHWAY,,112,-0.2710284,-1.0999658,0.25773194,0.5020063,1,2729,"tags=29%, list=20%, signal=37%",B6_RNAseq
KEGG_FOCAL_ADHESION,KEGG_FOCAL_ADHESION,,169,-0.25539452,-1.0882013,0.2402746,0.522179,1,2252,"tags=18%, list=17%, signal=21%",B6_RNAseq
KEGG_APOPTOSIS,KEGG_APOPTOSIS,,78,-0.288092,-1.0858723,0.2729045,0.51969177,1,3764,"tags=41%, list=28%, signal=57%",B6_RNAseq
KEGG_GLIOMA,KEGG_GLIOMA,,57,-0.2990109,-1.0815482,0.31340206,0.5219956,1,1745,"tags=19%, list=13%, signal=22%",B6_RNAseq
KEGG_BLADDER_CANCER,KEGG_BLADDER_CANCER,,36,-0.3351669,-1.0734692,0.3539823,0.53335315,1,1646,"tags=22%, list=12%, signal=25%",B6_RNAseq
KEGG_NEUROACTIVE_LIGAND_RECEPTOR_INTERACTION,KEGG_NEUROACTIVE_LIGAND_RECEPTOR_INTERACTION,,110,-0.2663953,-1.0656327,0.29554656,0.5446199,1,524,"tags=6%, list=4%, signal=7%",B6_RNAseq
KEGG_HEMATOPOIETIC_CELL_LINEAGE,KEGG_HEMATOPOIETIC_CELL_LINEAGE,,67,-0.28793654,-1.0500528,0.35205182,0.5759606,1,4161,"tags=48%, list=31%, signal=69%",B6_RNAseq
KEGG_FC_GAMMA_R_MEDIATED_PHAGOCYTOSIS,KEGG_FC_GAMMA_R_MEDIATED_PHAGOCYTOSIS,,90,-0.26791933,-1.0445464,0.37903225,0.58217007,1,2469,"tags=26%, list=18%, signal=31%",B6_RNAseq
KEGG_RNA_DEGRADATION,KEGG_RNA_DEGRADATION,,51,-0.29307485,-1.031495,0.3910387,0.60773164,1,2759,"tags=33%, list=20%, signal=42%",B6_RNAseq
KEGG_CYTOKINE_CYTOKINE_RECEPTOR_INTERACTION,KEGG_CYTOKINE_CYTOKINE_RECEPTOR_INTERACTION,,182,-0.23739788,-1.0307263,0.3716075,0.6011109,1,4249,"tags=36%, list=31%, signal=51%",B6_RNAseq
KEGG_P53_SIGNALING_PATHWAY,KEGG_P53_SIGNALING_PATHWAY,,60,-0.27686375,-1.0208327,0.40772533,0.6181616,1,1750,"tags=20%, list=13%, signal=23%",B6_RNAseq
KEGG_LONG_TERM_POTENTIATION,KEGG_LONG_TERM_POTENTIATION,,54,-0.29157048,-1.0183126,0.41344196,0.6161281,1,1745,"tags=26%, list=13%, signal=30%",B6_RNAseq
KEGG_PROGESTERONE_MEDIATED_OOCYTE_MATURATION,KEGG_PROGESTERONE_MEDIATED_OOCYTE_MATURATION,,74,-0.2700485,-1.008347,0.43841335,0.6341889,1,1658,"tags=19%, list=12%, signal=21%",B6_RNAseq
KEGG_ADHERENS_JUNCTION,KEGG_ADHERENS_JUNCTION,,63,-0.27123582,-1.0025548,0.4385965,0.64131474,1,2079,"tags=21%, list=15%, signal=24%",B6_RNAseq
KEGG_BASE_EXCISION_REPAIR,KEGG_BASE_EXCISION_REPAIR,,31,-0.3165988,-1.0002363,0.45208332,0.6393201,1,1311,"tags=19%, list=10%, signal=21%",B6_RNAseq
KEGG_NUCLEOTIDE_EXCISION_REPAIR,KEGG_NUCLEOTIDE_EXCISION_REPAIR,,42,-0.29527605,-0.9927682,0.4764706,0.6500364,1,2280,"tags=33%, list=17%, signal=40%",B6_RNAseq
KEGG_BIOSYNTHESIS_OF_UNSATURATED_FATTY_ACIDS,KEGG_BIOSYNTHESIS_OF_UNSATURATED_FATTY_ACIDS,,20,-0.3464645,-0.98231167,0.4945055,0.6690549,1,4904,"tags=55%, list=36%, signal=86%",B6_RNAseq
KEGG_TYROSINE_METABOLISM,KEGG_TYROSINE_METABOLISM,,27,-0.31817725,-0.98205185,0.4699248,0.6612897,1,2526,"tags=26%, list=19%, signal=32%",B6_RNAseq
KEGG_THYROID_CANCER,KEGG_THYROID_CANCER,,26,-0.3234469,-0.9763141,0.4790419,0.66698253,1,5054,"tags=58%, list=37%, signal=92%",B6_RNAseq
KEGG_SELENOAMINO_ACID_METABOLISM,KEGG_SELENOAMINO_ACID_METABOLISM,,21,-0.33458686,-0.95664257,0.5303644,0.7098056,1,4678,"tags=62%, list=35%, signal=94%",B6_RNAseq
KEGG_COMPLEMENT_AND_COAGULATION_CASCADES,KEGG_COMPLEMENT_AND_COAGULATION_CASCADES,,40,-0.28933156,-0.95108163,0.5696466,0.7151106,1,5681,"tags=52%, list=42%, signal=90%",B6_RNAseq
KEGG_ARRHYTHMOGENIC_RIGHT_VENTRICULAR_CARDIOMYOPATHY_ARVC,KEGG_ARRHYTHMOGENIC_RIGHT_VENTRICULAR_CARDIOMYOPATHY_ARVC,,60,-0.25445145,-0.93310946,0.58208954,0.75415653,1,3393,"tags=25%, list=25%, signal=33%",B6_RNAseq
KEGG_INSULIN_SIGNALING_PATHWAY,KEGG_INSULIN_SIGNALING_PATHWAY,,113,-0.22489518,-0.91308403,0.6702356,0.79601276,1,2252,"tags=22%, list=17%, signal=26%",B6_RNAseq
KEGG_DILATED_CARDIOMYOPATHY,KEGG_DILATED_CARDIOMYOPATHY,,71,-0.24131474,-0.90909225,0.642,0.79693824,1,1769,"tags=14%, list=13%, signal=16%",B6_RNAseq
KEGG_PANCREATIC_CANCER,KEGG_PANCREATIC_CANCER,,66,-0.23754208,-0.8861345,0.6910569,0.8461006,1,2338,"tags=21%, list=17%, signal=26%",B6_RNAseq
KEGG_NATURAL_KILLER_CELL_MEDIATED_CYTOTOXICITY,KEGG_NATURAL_KILLER_CELL_MEDIATED_CYTOTOXICITY,,98,-0.22222432,-0.88208437,0.7256098,0.8466617,1,3799,"tags=40%, list=28%, signal=55%",B6_RNAseq
KEGG_GAP_JUNCTION,KEGG_GAP_JUNCTION,,67,-0.23791295,-0.8786723,0.72147,0.84502864,1,1658,"tags=18%, list=12%, signal=20%",B6_RNAseq
KEGG_BETA_ALANINE_METABOLISM,KEGG_BETA_ALANINE_METABOLISM,,19,-0.30306163,-0.87037086,0.64271045,0.85531086,1,2512,"tags=32%, list=19%, signal=39%",B6_RNAseq
KEGG_MELANOGENESIS,KEGG_MELANOGENESIS,,76,-0.22651133,-0.86778545,0.73185486,0.851952,1,1745,"tags=16%, list=13%, signal=18%",B6_RNAseq
KEGG_VASOPRESSIN_REGULATED_WATER_REABSORPTION,KEGG_VASOPRESSIN_REGULATED_WATER_REABSORPTION,,36,-0.26394042,-0.86777735,0.6901961,0.8427337,1,2631,"tags=25%, list=19%, signal=31%",B6_RNAseq
KEGG_HYPERTROPHIC_CARDIOMYOPATHY_HCM,KEGG_HYPERTROPHIC_CARDIOMYOPATHY_HCM,,64,-0.23807521,-0.86534953,0.70348835,0.83879834,1,2647,"tags=17%, list=20%, signal=21%",B6_RNAseq
KEGG_SMALL_CELL_LUNG_CANCER,KEGG_SMALL_CELL_LUNG_CANCER,,76,-0.23028564,-0.8644127,0.7293388,0.83197474,1,1064,"tags=9%, list=8%, signal=10%",B6_RNAseq
KEGG_PRION_DISEASES,KEGG_PRION_DISEASES,,30,-0.27031046,-0.82533216,0.7672065,0.90679055,1,3259,"tags=33%, list=24%, signal=44%",B6_RNAseq
KEGG_NON_SMALL_CELL_LUNG_CANCER,KEGG_NON_SMALL_CELL_LUNG_CANCER,,50,-0.23174782,-0.82063967,0.7921811,0.90633345,1,2741,"tags=24%, list=20%, signal=30%",B6_RNAseq
KEGG_EPITHELIAL_CELL_SIGNALING_IN_HELICOBACTER_PYLORI_INFECTION,KEGG_EPITHELIAL_CELL_SIGNALING_IN_HELICOBACTER_PYLORI_INFECTION,,63,-0.22222333,-0.8197434,0.82608694,0.8988515,1,1264,"tags=16%, list=9%, signal=17%",B6_RNAseq
KEGG_RETINOL_METABOLISM,KEGG_RETINOL_METABOLISM,,25,-0.26616058,-0.81096333,0.78585464,0.90562874,1,3139,"tags=28%, list=23%, signal=36%",B6_RNAseq
KEGG_UBIQUITIN_MEDIATED_PROTEOLYSIS,KEGG_UBIQUITIN_MEDIATED_PROTEOLYSIS,,119,-0.19834965,-0.8108685,0.8989899,0.896671,1,3663,"tags=34%, list=27%, signal=47%",B6_RNAseq
KEGG_AMINOACYL_TRNA_BIOSYNTHESIS,KEGG_AMINOACYL_TRNA_BIOSYNTHESIS,,41,-0.23390813,-0.7985035,0.8130081,0.9083266,1,3491,"tags=44%, list=26%, signal=59%",B6_RNAseq
KEGG_ONE_CARBON_POOL_BY_FOLATE,KEGG_ONE_CARBON_POOL_BY_FOLATE,,16,-0.2987656,-0.78263956,0.7571702,0.92360276,1,3246,"tags=38%, list=24%, signal=49%",B6_RNAseq
KEGG_MELANOMA,KEGG_MELANOMA,,56,-0.2104323,-0.76263225,0.89525694,0.9418068,1,1865,"tags=16%, list=14%, signal=19%",B6_RNAseq
KEGG_VEGF_SIGNALING_PATHWAY,KEGG_VEGF_SIGNALING_PATHWAY,,66,-0.19487278,-0.7089104,0.949187,0.98909676,1,2611,"tags=21%, list=19%, signal=26%",B6_RNAseq
KEGG_REGULATION_OF_AUTOPHAGY,KEGG_REGULATION_OF_AUTOPHAGY,,19,-0.24718791,-0.7015266,0.90143734,0.98542386,1,2952,"tags=32%, list=22%, signal=40%",B6_RNAseq
KEGG_HOMOLOGOUS_RECOMBINATION,KEGG_HOMOLOGOUS_RECOMBINATION,,25,-0.2271068,-0.67614096,0.92456895,0.9929295,1,567,"tags=8%, list=4%, signal=8%",B6_RNAseq
KEGG_GLYCOSPHINGOLIPID_BIOSYNTHESIS_LACTO_AND_NEOLACTO_SERIES,KEGG_GLYCOSPHINGOLIPID_BIOSYNTHESIS_LACTO_AND_NEOLACTO_SERIES,,18,-0.24220645,-0.6691335,0.90361446,0.98778504,1,2864,"tags=33%, list=21%, signal=42%",B6_RNAseq
KEGG_GLYCOSAMINOGLYCAN_BIOSYNTHESIS_CHONDROITIN_SULFATE,KEGG_GLYCOSAMINOGLYCAN_BIOSYNTHESIS_CHONDROITIN_SULFATE,,19,-0.23597926,-0.66593343,0.913215,0.9803269,1,4290,"tags=42%, list=32%, signal=62%",B6_RNAseq
KEGG_GLYCOSAMINOGLYCAN_BIOSYNTHESIS_HEPARAN_SULFATE,KEGG_GLYCOSAMINOGLYCAN_BIOSYNTHESIS_HEPARAN_SULFATE,,22,-0.21290892,-0.6129123,0.9544592,0.99238575,1,3529,"tags=27%, list=26%, signal=37%",B6_RNAseq
KEGG_DORSO_VENTRAL_AXIS_FORMATION,KEGG_DORSO_VENTRAL_AXIS_FORMATION,,20,-0.15265019,-0.42677674,1,0.99965554,1,3871,"tags=25%, list=29%, signal=35%",B6_RNAseq
KEGG_GLYCOSYLPHOSPHATIDYLINOSITOL_GPI_ANCHOR_BIOSYNTHESIS,KEGG_GLYCOSYLPHOSPHATIDYLINOSITOL_GPI_ANCHOR_BIOSYNTHESIS,,24,0.23120888,0.690278,0.90909094,0.9467613,1,2853,"tags=33%, list=21%, signal=42%",TC_RNAseq
KEGG_HEDGEHOG_SIGNALING_PATHWAY,KEGG_HEDGEHOG_SIGNALING_PATHWAY,,33,0.22688788,0.7215346,0.9099437,0.94025314,1,3046,"tags=27%, list=23%, signal=35%",TC_RNAseq
KEGG_GLYCINE_SERINE_AND_THREONINE_METABOLISM,KEGG_GLYCINE_SERINE_AND_THREONINE_METABOLISM,,23,0.24941206,0.7338303,0.84675837,0.9457079,1,571,"tags=9%, list=4%, signal=9%",TC_RNAseq
KEGG_ADIPOCYTOKINE_SIGNALING_PATHWAY,KEGG_ADIPOCYTOKINE_SIGNALING_PATHWAY,,57,0.21122806,0.7436822,0.93125,0.9536463,1,1134,"tags=9%, list=8%, signal=10%",TC_RNAseq
KEGG_RIG_I_LIKE_RECEPTOR_SIGNALING_PATHWAY,KEGG_RIG_I_LIKE_RECEPTOR_SIGNALING_PATHWAY,,50,0.22110121,0.757752,0.90759754,0.9551294,1,2848,"tags=28%, list=21%, signal=35%",TC_RNAseq
KEGG_ALDOSTERONE_REGULATED_SODIUM_REABSORPTION,KEGG_ALDOSTERONE_REGULATED_SODIUM_REABSORPTION,Details ...,36,0.2378672,0.77059156,0.84210527,0.9563129,1,4121,"tags=42%, list=30%, signal=60%",TC_RNAseq
KEGG_DRUG_METABOLISM_CYTOCHROME_P450,KEGG_DRUG_METABOLISM_CYTOCHROME_P450,Details ...,26,0.25752193,0.78506815,0.8116233,0.9531942,1,30,"tags=4%, list=0%, signal=4%",TC_RNAseq
KEGG_O_GLYCAN_BIOSYNTHESIS,KEGG_O_GLYCAN_BIOSYNTHESIS,Details ...,21,0.27733058,0.7873338,0.7908903,0.9691563,1,2913,"tags=29%, list=22%, signal=36%",TC_RNAseq
KEGG_ENDOMETRIAL_CANCER,KEGG_ENDOMETRIAL_CANCER,Details ...,49,0.23185237,0.8074384,0.8269231,0.9528418,1,2180,"tags=20%, list=16%, signal=24%",TC_RNAseq
KEGG_NICOTINATE_AND_NICOTINAMIDE_METABOLISM,KEGG_NICOTINATE_AND_NICOTINAMIDE_METABOLISM,Details ...,21,0.28591573,0.8187961,0.7647059,0.950514,1,295,"tags=10%, list=2%, signal=10%",TC_RNAseq
KEGG_PRIMARY_IMMUNODEFICIENCY,KEGG_PRIMARY_IMMUNODEFICIENCY,Details ...,34,0.25277925,0.82594174,0.76363635,0.9566018,1,2118,"tags=18%, list=16%, signal=21%",TC_RNAseq
KEGG_PORPHYRIN_AND_CHLOROPHYLL_METABOLISM,KEGG_PORPHYRIN_AND_CHLOROPHYLL_METABOLISM,Details ...,22,0.28458416,0.82836074,0.73100615,0.97330743,1,1137,"tags=14%, list=8%, signal=15%",TC_RNAseq
KEGG_ALLOGRAFT_REJECTION,KEGG_ALLOGRAFT_REJECTION,Details ...,29,0.2728121,0.8334933,0.69140625,0.98432446,1,2118,"tags=21%, list=16%, signal=24%",TC_RNAseq
KEGG_ETHER_LIPID_METABOLISM,KEGG_ETHER_LIPID_METABOLISM,Details ...,24,0.28027672,0.8394548,0.7237113,0.9929097,1,3877,"tags=38%, list=29%, signal=52%",TC_RNAseq
KEGG_FC_EPSILON_RI_SIGNALING_PATHWAY,KEGG_FC_EPSILON_RI_SIGNALING_PATHWAY,Details ...,71,0.22957888,0.8569393,0.7550274,0.9736272,1,3808,"tags=35%, list=28%, signal=49%",TC_RNAseq
KEGG_BASAL_TRANSCRIPTION_FACTORS,KEGG_BASAL_TRANSCRIPTION_FACTORS,Details ...,32,0.27175787,0.86455315,0.68503934,0.9781156,1,1452,"tags=16%, list=11%, signal=17%",TC_RNAseq
KEGG_CHEMOKINE_SIGNALING_PATHWAY,KEGG_CHEMOKINE_SIGNALING_PATHWAY,Details ...,151,0.20944524,0.86920285,0.802682,0.99018353,1,1783,"tags=15%, list=13%, signal=17%",TC_RNAseq
KEGG_ARACHIDONIC_ACID_METABOLISM,KEGG_ARACHIDONIC_ACID_METABOLISM,Details ...,30,0.2864822,0.89226365,0.63241106,0.95002013,1,544,"tags=10%, list=4%, signal=10%",TC_RNAseq
KEGG_ABC_TRANSPORTERS,KEGG_ABC_TRANSPORTERS,Details ...,29,0.2931171,0.9093308,0.59417474,0.9249767,1,1880,"tags=21%, list=14%, signal=24%",TC_RNAseq
KEGG_MTOR_SIGNALING_PATHWAY,KEGG_MTOR_SIGNALING_PATHWAY,Details ...,47,0.26664186,0.92349696,0.59765625,0.9061848,1,1572,"tags=21%, list=12%, signal=24%",TC_RNAseq
KEGG_CYTOSOLIC_DNA_SENSING_PATHWAY,KEGG_CYTOSOLIC_DNA_SENSING_PATHWAY,Details ...,38,0.2843124,0.92959875,0.5553471,0.91329277,1,1546,"tags=18%, list=11%, signal=21%",TC_RNAseq
KEGG_PATHWAYS_IN_CANCER,KEGG_PATHWAYS_IN_CANCER,Details ...,266,0.20982328,0.9349794,0.66129035,0.922298,1,2759,"tags=20%, list=20%, signal=25%",TC_RNAseq
KEGG_LYSINE_DEGRADATION,KEGG_LYSINE_DEGRADATION,Details ...,33,0.3070917,0.9626766,0.4969574,0.8612666,1,2385,"tags=33%, list=18%, signal=40%",TC_RNAseq
KEGG_INTESTINAL_IMMUNE_NETWORK_FOR_IGA_PRODUCTION,KEGG_INTESTINAL_IMMUNE_NETWORK_FOR_IGA_PRODUCTION,Details ...,37,0.29262632,0.970203,0.49183673,0.86374205,1,2290,"tags=24%, list=17%, signal=29%",TC_RNAseq
KEGG_CHRONIC_MYELOID_LEUKEMIA,KEGG_CHRONIC_MYELOID_LEUKEMIA,Details ...,68,0.2603793,0.9707404,0.503861,0.8898065,1,2166,"tags=21%, list=16%, signal=24%",TC_RNAseq
KEGG_B_CELL_RECEPTOR_SIGNALING_PATHWAY,KEGG_B_CELL_RECEPTOR_SIGNALING_PATHWAY,Details ...,72,0.26724845,0.98991776,0.46360153,0.8553406,1,2508,"tags=22%, list=19%, signal=27%",TC_RNAseq
KEGG_TYPE_II_DIABETES_MELLITUS,KEGG_TYPE_II_DIABETES_MELLITUS,Details ...,39,0.30229825,0.9914791,0.46332046,0.8793929,1,3754,"tags=38%, list=28%, signal=53%",TC_RNAseq
KEGG_ENDOCYTOSIS,KEGG_ENDOCYTOSIS,Details ...,161,0.2424698,1.0085893,0.4360587,0.851635,1,3008,"tags=27%, list=22%, signal=35%",TC_RNAseq
KEGG_GLYCEROLIPID_METABOLISM,KEGG_GLYCEROLIPID_METABOLISM,Details ...,35,0.31801462,1.0152009,0.42277992,0.8601985,1,1408,"tags=20%, list=10%, signal=22%",TC_RNAseq
KEGG_ACUTE_MYELOID_LEUKEMIA,KEGG_ACUTE_MYELOID_LEUKEMIA,Details ...,55,0.2852918,1.0187949,0.42857143,0.8810521,1,1390,"tags=16%, list=10%, signal=18%",TC_RNAseq
KEGG_ASTHMA,KEGG_ASTHMA,Details ...,19,0.3662075,1.0368662,0.3984221,0.8498335,1,2118,"tags=26%, list=16%, signal=31%",TC_RNAseq
KEGG_RENAL_CELL_CARCINOMA,KEGG_RENAL_CELL_CARCINOMA,Details ...,64,0.2856946,1.0419818,0.35,0.8665844,1,1990,"tags=19%, list=15%, signal=22%",TC_RNAseq
KEGG_AUTOIMMUNE_THYROID_DISEASE,KEGG_AUTOIMMUNE_THYROID_DISEASE,Details ...,28,0.34493992,1.0645286,0.35700575,0.81999457,1,615,"tags=14%, list=5%, signal=15%",TC_RNAseq
KEGG_COLORECTAL_CANCER,KEGG_COLORECTAL_CANCER,Details ...,60,0.30575162,1.1045364,0.26386234,0.71207285,1,2506,"tags=22%, list=19%, signal=26%",TC_RNAseq
KEGG_TOLL_LIKE_RECEPTOR_SIGNALING_PATHWAY,KEGG_TOLL_LIKE_RECEPTOR_SIGNALING_PATHWAY,Details ...,84,0.2922631,1.1100872,0.28861788,0.7258415,1,1433,"tags=14%, list=11%, signal=16%",TC_RNAseq
KEGG_PROSTATE_CANCER,KEGG_PROSTATE_CANCER,Details ...,79,0.29564658,1.1305707,0.23034735,0.6900127,1,1990,"tags=20%, list=15%, signal=24%",TC_RNAseq
KEGG_NOTCH_SIGNALING_PATHWAY,KEGG_NOTCH_SIGNALING_PATHWAY,Details ...,43,0.33875346,1.135724,0.256654,0.7083042,1,2635,"tags=35%, list=19%, signal=43%",TC_RNAseq
KEGG_WNT_SIGNALING_PATHWAY,KEGG_WNT_SIGNALING_PATHWAY,Details ...,121,0.28102055,1.1376251,0.19791667,0.73995245,1,3069,"tags=33%, list=23%, signal=42%",TC_RNAseq
KEGG_TASTE_TRANSDUCTION,KEGG_TASTE_TRANSDUCTION,Details ...,23,0.41504985,1.2056872,0.20638297,0.54905915,1,1768,"tags=26%, list=13%, signal=30%",TC_RNAseq
KEGG_CALCIUM_SIGNALING_PATHWAY,KEGG_CALCIUM_SIGNALING_PATHWAY,Details ...,128,0.29735172,1.2077011,0.123809524,0.57655877,1,1961,"tags=20%, list=14%, signal=23%",TC_RNAseq
KEGG_LEISHMANIA_INFECTION,KEGG_LEISHMANIA_INFECTION,Details ...,64,0.33085197,1.2280041,0.11359404,0.54958194,1,706,"tags=13%, list=5%, signal=13%",TC_RNAseq
KEGG_BASAL_CELL_CARCINOMA,KEGG_BASAL_CELL_CARCINOMA,Details ...,38,0.37390703,1.2280968,0.15601504,0.5884253,1,3069,"tags=26%, list=23%, signal=34%",TC_RNAseq
KEGG_NOD_LIKE_RECEPTOR_SIGNALING_PATHWAY,KEGG_NOD_LIKE_RECEPTOR_SIGNALING_PATHWAY,Details ...,48,0.36043084,1.2283546,0.13663366,0.6329001,1,1592,"tags=21%, list=12%, signal=24%",TC_RNAseq
KEGG_VASCULAR_SMOOTH_MUSCLE_CONTRACTION,KEGG_VASCULAR_SMOOTH_MUSCLE_CONTRACTION,Details ...,87,0.32516733,1.2348968,0.10925926,0.66202843,1,1768,"tags=23%, list=13%, signal=26%",TC_RNAseq
KEGG_MAPK_SIGNALING_PATHWAY,KEGG_MAPK_SIGNALING_PATHWAY,Details ...,225,0.28623867,1.257601,0.047904193,0.6355709,1,2891,"tags=29%, list=21%, signal=36%",TC_RNAseq
KEGG_JAK_STAT_SIGNALING_PATHWAY,KEGG_JAK_STAT_SIGNALING_PATHWAY,Details ...,112,0.31923968,1.260084,0.07961165,0.68901044,1,2068,"tags=19%, list=15%, signal=22%",TC_RNAseq
KEGG_LONG_TERM_DEPRESSION,KEGG_LONG_TERM_DEPRESSION,Details ...,51,0.36202002,1.2679075,0.11087866,0.7314417,1,1272,"tags=20%, list=9%, signal=22%",TC_RNAseq
KEGG_ERBB_SIGNALING_PATHWAY,KEGG_ERBB_SIGNALING_PATHWAY,Details ...,79,0.34826636,1.3104869,0.06876228,0.6391704,0.998,2250,"tags=27%, list=17%, signal=32%",TC_RNAseq
KEGG_GNRH_SIGNALING_PATHWAY,KEGG_GNRH_SIGNALING_PATHWAY,Details ...,81,0.3655341,1.3905877,0.040462427,0.43233883,0.986,2858,"tags=35%, list=21%, signal=44%",TC_RNAseq
KEGG_METABOLISM_OF_XENOBIOTICS_BY_CYTOCHROME_P450,KEGG_METABOLISM_OF_XENOBIOTICS_BY_CYTOCHROME_P450,Details ...,27,0.47260728,1.4210141,0.05858586,0.4077072,0.97,30,"tags=7%, list=0%, signal=7%",TC_RNAseq
KEGG_INOSITOL_PHOSPHATE_METABOLISM,KEGG_INOSITOL_PHOSPHATE_METABOLISM,Details ...,50,0.41522086,1.427038,0.044444446,0.46981215,0.966,1826,"tags=28%, list=13%, signal=32%",TC_RNAseq
KEGG_AXON_GUIDANCE,KEGG_AXON_GUIDANCE,Details ...,108,0.36075363,1.4542863,0.011363637,0.48459783,0.942,2302,"tags=26%, list=17%, signal=31%",TC_RNAseq
KEGG_T_CELL_RECEPTOR_SIGNALING_PATHWAY,KEGG_T_CELL_RECEPTOR_SIGNALING_PATHWAY,Details ...,103,0.3831268,1.5193865,0.007366483,0.393022,0.826,2681,"tags=35%, list=20%, signal=43%",TC_RNAseq
KEGG_GLYCEROPHOSPHOLIPID_METABOLISM,KEGG_GLYCEROPHOSPHOLIPID_METABOLISM,Details ...,62,0.45603383,1.6596919,0.001976285,0.17485127,0.42,1690,"tags=27%, list=12%, signal=31%",TC_RNAseq
KEGG_PHOSPHATIDYLINOSITOL_SIGNALING_SYSTEM,KEGG_PHOSPHATIDYLINOSITOL_SIGNALING_SYSTEM,Details ...,68,0.48813307,1.7949525,0,0.08907606,0.128,2499,"tags=40%, list=18%, signal=48%",TC_RNAseq